{
  "mad": 0.09630347445349767,
  "r2": 0.785999028283688
}