{
  "mad": 0.09487698867105848,
  "r2": 0.8002685055161566
}