{
  "mad": 0.07916499999999996,
  "r2": 0.8505442098409717
}