{
  "mad": 0.0717845500342329,
  "r2": 0.8609879175189404
}