{
  "mad": 0.0912732063867959,
  "r2": 0.8178910579906578
}