{
  "mad": 0.07457328994415802,
  "r2": 0.8724320600233577
}