{
  "mad": 0.07149500000000009,
  "r2": 0.8891156493817965
}