{
  "mad": 0.08021999999999996,
  "r2": 0.8428672881603698
}