{
  "mad": 0.07719801521301273,
  "r2": 0.8583103545878836
}