{
  "mad": 0.08097338217496872,
  "r2": 0.8468251595799705
}