{
  "mad": 55.67689453124967,
  "r2": 0.9629475939640713
}