{
  "mad": 0.08170540970563889,
  "r2": 0.8391703060533247
}