{
  "mad": 56.65662109374989,
  "r2": 0.9611016126038427
}