{
  "mad": 0.08108282330632209,
  "r2": 0.849323890788765
}