{
  "mad": 0.07362251091003458,
  "r2": 0.8855761747644104
}