{
  "mad": 0.07199259948730496,
  "r2": 0.8900694313651446
}