{
  "mad": 0.07079713439941404,
  "r2": 0.8910757079941193
}