{
  "mad": 58.11207031249978,
  "r2": 0.9635300270132627
}