{
  "mad": 55.908203125,
  "r2": 0.9643213875505209
}