{
  "mad": 0.07370006370544413,
  "r2": 0.8784695628007574
}