{
  "mad": 0.07483067128593213,
  "r2": 0.8763485106713186
}