{
  "mad": 55.081599999998616,
  "r2": 0.9623325989204687
}