{
  "mad": 57.62554852336416,
  "r2": 0.9555604408438373
}