{
  "mad": 0.07062999999999953,
  "r2": 0.8890546041661848
}