{
  "mad": 56.86652064502778,
  "r2": 0.9618754943429286
}