{
  "mad": 54.563899999996465,
  "r2": 0.9585170112919399
}