{
  "mad": 50.92646561721722,
  "r2": 0.9684667627185333
}